{
  "kappa": 0.0014961993474048862,
  "sigma": 3.476556852267432,
  "h_P": 0.5957816013776296,
  "s_pi_P": 49.87610310301252,
  "a_C": 0.4785901092441933,
  "b_C": 0.30064477678859997,
  "a_P": -0.24697188393499925,
  "b_P": 0.30047134389479174,
  "beta_declining_delta": -0.16691375619696305,
  "beta_rising_delta": 0.32455103709662414,
  "beta_stable_delta": 0.10967773131427906,
  "_loss": 0.9951292450704657,
  "_nfev": 4544,
  "_message": "Optimization terminated successfully."
}