{
  "calibration": {
    "loss_total": 1.5453895702847125,
    "nrmse_C": 2.9252039210006564,
    "rank_products": 0.46383879198210654,
    "nrmse_P": 1.1624790250362504,
    "traj_corr_C": 1.5521102901059052
  },
  "validation": {
    "loss_total": 1.3589333096549228,
    "nrmse_C": 1.7844735722005398,
    "rank_products": 0.38658285442022355,
    "nrmse_P": 1.7723530087901194,
    "traj_corr_C": 1.5389953374723604
  }
}