{
  "calibration": {
    "loss_total": 0.50747356579024,
    "nrmse_C": 0.7808187121217148,
    "rank_products": 0.23298949942474526,
    "nrmse_P": 0.510404526738489,
    "traj_corr_C": 0.5064686918530905
  },
  "validation": {
    "loss_total": 0.7433993794265147,
    "nrmse_C": 1.2037899980649,
    "rank_products": 0.2437375124832676,
    "nrmse_P": 0.46455958727572566,
    "traj_corr_C": 0.9620186144477587
  }
}