{
  "n_evals": 100000,
  "n_generations": 501,
  "elapsed_s": 27536.91742682457,
  "n_pareto": 200,
  "best_per_objective": {
    "nrmse_C": 0.11821251957843988,
    "traj_corr_C": 0.3581928544753925,
    "rank_products": 0.43485987404089793,
    "nrmse_P": 0.23954135140461427
  },
  "compromise_idx": 112,
  "compromise_objectives": {
    "nrmse_C": 0.20474101191157218,
    "traj_corr_C": 0.4467284024229299,
    "rank_products": 0.43518669529553644,
    "nrmse_P": 0.31386424485343956
  },
  "compromise_theta": {
    "C_offdiag_mean": 0.01782363490335119,
    "beta_trade_off": 0.9792500585371019,
    "sigma": 3.683075182905612,
    "h_mean": 1.2105384251570122,
    "C_diag_mean": 0.3000364943962815,
    "kappa": 0.045647536804551525,
    "nu": 0.9995282194914108,
    "G": 0.015004958635867703,
    "r_C_declining": -0.9726127812378064,
    "r_C_rising": -0.8882621020099718,
    "r_C_stable": -0.87893840635425,
    "entry_threshold": 0.6944106111347275
  }
}